{"fid":{"0":266.0,"1":135.0,"2":4.0,"3":6.0,"4":270.0,"5":140.0,"6":8.0,"7":272.0,"8":141.0,"9":142.0,"10":274.0,"11":276.0,"12":277.0,"13":147.0,"14":149.0,"15":152.0,"16":21.0,"17":156.0,"18":29.0,"19":166.0,"20":167.0,"21":35.0,"22":169.0,"23":42.0,"24":43.0,"25":45.0,"26":178.0,"27":179.0,"28":49.0,"29":50.0,"30":184.0,"31":58.0,"32":59.0,"33":198.0,"34":66.0,"35":68.0,"36":70.0,"37":202.0,"38":74.0,"39":76.0,"40":77.0,"41":211.0,"42":79.0,"43":212.0,"44":214.0,"45":216.0,"46":217.0,"47":89.0,"48":222.0,"49":90.0,"50":223.0,"51":94.0,"52":230.0,"53":102.0,"54":105.0,"55":106.0,"56":238.0,"57":243.0,"58":117.0,"59":248.0,"60":118.0,"61":250.0,"62":121.0,"63":252.0,"64":128.0,"65":131.0,"66":263.0,"67":264.0},"gaul_code":{"0":271.0,"1":137.0,"2":4.0,"3":6.0,"4":40760.0,"5":142.0,"6":8.0,"7":40765.0,"8":144.0,"9":145.0,"10":61013.0,"11":74582.0,"12":74583.0,"13":150.0,"14":152.0,"15":155.0,"16":21.0,"17":159.0,"18":29.0,"19":169.0,"20":170.0,"21":35.0,"22":172.0,"23":42.0,"24":43.0,"25":45.0,"26":181.0,"27":182.0,"28":49.0,"29":50.0,"30":187.0,"31":58.0,"32":59.0,"33":201.0,"34":66.0,"35":68.0,"36":70.0,"37":205.0,"38":74.0,"39":76.0,"40":77.0,"41":214.0,"42":79.0,"43":215.0,"44":217.0,"45":220.0,"46":221.0,"47":89.0,"48":226.0,"49":90.0,"50":227.0,"51":94.0,"52":235.0,"53":102.0,"54":105.0,"55":106.0,"56":243.0,"57":248.0,"58":117.0,"59":253.0,"60":118.0,"61":255.0,"62":121.0,"63":257.0,"64":130.0,"65":133.0,"66":268.0,"67":269.0},"iso3_df_m":{"0":"ZWE","1":"KWT","2":"DZA","3":"SDN","4":"","5":"LSO","6":"AGO","7":"EGY","8":"LBR","9":"LBY","10":"","11":"","12":"","13":"MDG","14":"MWI","15":"MLI","16":"BHR","17":"MRT","18":"BEN","19":"MAR","20":"MOZ","21":"BWA","22":"NAM","23":"BFA","24":"BDI","25":"CMR","26":"NER","27":"NGA","28":"CAF","29":"TCD","30":"OMN","31":"COM","32":"COG","33":"QAT","34":"CIV","35":"COD","36":"DJI","37":"RWA","38":"SSD","39":"GNQ","40":"ERI","41":"STP","42":"ETH","43":"SAU","44":"SEN","45":"SYC","46":"SLE","47":"GAB","48":"SOM","49":"GMB","50":"ZAF","51":"GHA","52":"SWZ","53":"","54":"GNB","55":"GIN","56":"TGO","57":"TUN","58":"IRN","59":"UGA","60":"IRQ","61":"ARE","62":"ISR","63":"TZA","64":"JOR","65":"KEN","66":"ESH","67":"YEM"},"mean":{"0":1.1081521754,"1":0.0406664188,"2":0.6883704588,"3":0.2330979292,"4":0.0654309785,"5":1.9201431285,"6":0.9874297361,"7":0.3776850175,"8":0.9754880179,"9":0.4800613607,"10":0.3909354003,"11":0.5454222581,"12":0.2218531752,"13":1.1716007943,"14":1.5987061689,"15":0.2223175266,"16":0.0625148241,"17":0.0677616453,"18":0.4005583521,"19":0.656460808,"20":1.0576384666,"21":0.528902479,"22":0.5541136107,"23":0.2569123139,"24":1.2745755007,"25":0.9642900575,"26":0.0731236331,"27":0.4679599514,"28":0.5986473984,"29":0.2339262338,"30":0.1429225212,"31":1.6248770814,"32":1.0092149523,"33":0.0710280275,"34":0.6914277387,"35":1.029120378,"36":0.0503060408,"37":1.1612492981,"38":0.4610449042,"39":1.1282979817,"40":0.2485453512,"41":1.8465479745,"42":0.7906718879,"43":0.0864213409,"44":0.2662632886,"45":1.1496405457,"46":0.7389136211,"47":1.1996193399,"48":0.2173086115,"49":0.3135898786,"50":0.7947206674,"51":0.5388973044,"52":0.8630578559,"53":0.2448503443,"54":0.461118983,"55":0.6811820731,"56":0.5020607496,"57":0.6471979997,"58":0.734686672,"59":1.0069027436,"60":0.3190321705,"61":0.063842741,"62":0.4404885242,"63":1.0916515419,"64":0.3505074868,"65":0.5318223988,"66":0.2415738571,"67":0.186583035},"name":{"0":"Zimbabwe","1":"Kuwait","2":"Algeria","3":"Sudan","4":"Hala'ib triangle","5":"Lesotho","6":"Angola","7":"Egypt","8":"Liberia","9":"Libya","10":"Ilemi triangle","11":"Kafia Kenji","12":"Kaka","13":"Madagascar","14":"Malawi","15":"Mali","16":"Bahrain","17":"Mauritania","18":"Benin","19":"Morocco","20":"Mozambique","21":"Botswana","22":"Namibia","23":"Burkina Faso","24":"Burundi","25":"Cameroon","26":"Niger","27":"Nigeria","28":"Central African Republic","29":"Chad","30":"Oman","31":"Comoros","32":"Congo","33":"Qatar","34":"CA'te d'Ivoire","35":"Democratic Republic of the Congo","36":"Djibouti","37":"Rwanda","38":"South Sudan","39":"Equatorial Guinea","40":"Eritrea","41":"Sao Tome and Principe","42":"Ethiopia","43":"Saudi Arabia","44":"Senegal","45":"Seychelles","46":"Sierra Leone","47":"Gabon","48":"Somalia","49":"Gambia","50":"South Africa","51":"Ghana","52":"Swaziland","53":"Abyei","54":"Guinea-Bissau","55":"Guinea","56":"Togo","57":"Tunisia","58":"Iran (Islamic Republic of)","59":"Uganda","60":"Iraq","61":"United Arab Emirates","62":"Israel","63":"United Republic of Tanzania","64":"Jordan","65":"Kenya","66":"Western Sahara","67":"Yemen"},"region":{"0":"Africa","1":"Asia","2":"Africa","3":"Africa","4":"Africa","5":"Africa","6":"Africa","7":"Africa","8":"Africa","9":"Africa","10":"Africa","11":"Africa","12":"Africa","13":"Africa","14":"Africa","15":"Africa","16":"Asia","17":"Africa","18":"Africa","19":"Africa","20":"Africa","21":"Africa","22":"Africa","23":"Africa","24":"Africa","25":"Africa","26":"Africa","27":"Africa","28":"Africa","29":"Africa","30":"Asia","31":"Africa","32":"Africa","33":"Asia","34":"Africa","35":"Africa","36":"Africa","37":"Africa","38":"Africa","39":"Africa","40":"Africa","41":"Africa","42":"Africa","43":"Asia","44":"Africa","45":"Africa","46":"Africa","47":"Africa","48":"Africa","49":"Africa","50":"Africa","51":"Africa","52":"Africa","53":"Africa","54":"Africa","55":"Africa","56":"Africa","57":"Africa","58":"Asia","59":"Africa","60":"Asia","61":"Asia","62":"Asia","63":"Africa","64":"Asia","65":"Africa","66":"Africa","67":"Asia"},"subregion":{"0":"Eastern Africa","1":"Western Asia","2":"Northern Africa","3":"Northern Africa","4":"Northern Africa","5":"Southern Africa","6":"Middle Africa","7":"Northern Africa","8":"Western Africa","9":"Northern Africa","10":"Northern Africa","11":"Northern Africa","12":"Northern Africa","13":"Eastern Africa","14":"Eastern Africa","15":"Western Africa","16":"Western Asia","17":"Western Africa","18":"Western Africa","19":"Northern Africa","20":"Eastern Africa","21":"Southern Africa","22":"Southern Africa","23":"Western Africa","24":"Eastern Africa","25":"Middle Africa","26":"Western Africa","27":"Western Africa","28":"Middle Africa","29":"Middle Africa","30":"Western Asia","31":"Eastern Africa","32":"Middle Africa","33":"Western Asia","34":"Western Africa","35":"Middle Africa","36":"Eastern Africa","37":"Eastern Africa","38":"Northern Africa","39":"Middle Africa","40":"Eastern Africa","41":"Middle Africa","42":"Eastern Africa","43":"Western Asia","44":"Western Africa","45":"Eastern Africa","46":"Western Africa","47":"Middle Africa","48":"Eastern Africa","49":"Western Africa","50":"Southern Africa","51":"Western Africa","52":"Southern Africa","53":"Northern Africa","54":"Western Africa","55":"Western Africa","56":"Western Africa","57":"Northern Africa","58":"Southern Asia","59":"Eastern Africa","60":"Western Asia","61":"Western Asia","62":"Western Asia","63":"Eastern Africa","64":"Western Asia","65":"Eastern Africa","66":"Northern Africa","67":"Western Asia"},"iso3_df_mms":{"0":"ZWE","1":"KWT","2":"DZA","3":"SDN","4":"","5":"LSO","6":"AGO","7":"EGY","8":"LBR","9":"LBY","10":"","11":"","12":"","13":"MDG","14":"MWI","15":"MLI","16":"BHR","17":"MRT","18":"BEN","19":"MAR","20":"MOZ","21":"BWA","22":"NAM","23":"BFA","24":"BDI","25":"CMR","26":"NER","27":"NGA","28":"CAF","29":"TCD","30":"OMN","31":"COM","32":"COG","33":"QAT","34":"CIV","35":"COD","36":"DJI","37":"RWA","38":"SSD","39":"GNQ","40":"ERI","41":"STP","42":"ETH","43":"SAU","44":"SEN","45":"SYC","46":"SLE","47":"GAB","48":"SOM","49":"GMB","50":"ZAF","51":"GHA","52":"SWZ","53":"","54":"GNB","55":"GIN","56":"TGO","57":"TUN","58":"IRN","59":"UGA","60":"IRQ","61":"ARE","62":"ISR","63":"TZA","64":"JOR","65":"KEN","66":"ESH","67":"YEM"},"min":{"0":0.0029675901,"1":0.0,"2":0.0,"3":0.0,"4":0.0,"5":0.0061153286,"6":0.0,"7":0.0,"8":0.0070427185,"9":0.0,"10":0.0336907109,"11":0.1671033527,"12":0.1013038735,"13":0.0046209963,"14":0.0,"15":0.0,"16":0.0097657611,"17":0.0,"18":0.0026204963,"19":0.0,